{"cameraMode":{"drawMode":0,"name":"Shaded","section":"Shading Mode"},"sceneLighting":true,"audioPlay":false,"sceneViewState":{"m_AlwaysRefresh":false,"showFog":true,"showSkybox":true,"showFlares":true,"showImageEffects":true,"showParticleSystems":true,"showVisualEffectGraphs":true,"m_FxEnabled":true},"in2DMode":false,"pivot":{"x":1.735666036605835,"y":9.672134399414063,"z":-11.64216423034668},"rotation":{"x":-0.0028976870235055687,"y":0.9776251316070557,"z":-0.2099069505929947,"w":-0.01349740568548441},"size":22.635604858398439,"orthographic":false}